{
  "id": "",
  "name": "",
  "font_family": "iconfont",
  "css_prefix_text": "icon-",
  "description": "",
  "glyphs": [
    {
      "icon_id": "444607",
      "name": "返回",
      "font_class": "fanhui",
      "unicode": "e67c",
      "unicode_decimal": 59004
    },
    {
      "icon_id": "3262862",
      "name": "心 爱心",
      "font_class": "xin",
      "unicode": "e623",
      "unicode_decimal": 58915
    },
    {
      "icon_id": "3278384",
      "name": "搜索",
      "font_class": "sousuo",
      "unicode": "e628",
      "unicode_decimal": 58920
    }
  ]
}
